2020-12-01 00:41:19,2020-12-01 00:49:45,1,1.60,140,263,14.75
2020-12-01 06:57:55,2020-12-01 07:08:59,1,3.40,231,170,17.75
2020-12-01 07:25:28,2020-12-01 08:20:57,1,19.91,132,158,73.27
2020-12-01 07:22:06,2020-12-01 07:25:29,1,.59,74,75,5.38
2020-12-01 08:50:35,2020-12-01 09:10:57,1,3.30,45,186,18.8
2020-12-01 08:38:06,2020-12-01 08:57:06,0,6.40,236,244,25.8
2020-12-01 08:44:31,2020-12-01 08:53:42,1,1.55,186,161,13
2020-12-01 09:23:04,2020-12-01 09:27:48,1,.74,186,161,9.96
2020-12-01 09:12:33,2020-12-01 09:28:44,1,1.77,186,233,17.16
2020-12-01 09:54:34,2020-12-01 10:02:57,1,1.16,230,68,12.36
2020-12-01 10:37:17,2020-12-01 10:47:57,1,1.70,42,75,10.8
2020-12-01 10:25:05,2020-12-01 10:41:50,2,3.08,238,100,20.16
2020-12-01 10:47:59,2020-12-01 11:00:45,1,1.86,234,4,14.3
2020-12-01 11:25:30,2020-12-01 11:28:53,1,.20,141,141,8.75
2020-12-01 11:31:20,2020-12-01 11:38:35,1,1.36,100,237,11.54
2020-12-01 11:58:40,2020-12-01 12:19:39,3,11.50,70,76,33.8
2020-12-01 12:38:09,2020-12-01 12:56:28,1,3.36,237,90,17.8
2020-12-01 12:47:58,2020-12-01 13:12:05,1,4.15,68,236,24.36
2020-12-01 12:01:42,2020-12-01 12:41:57,1,11.51,132,62,39.3
2020-12-01 12:22:15,2020-12-01 12:26:44,1,.60,107,107,11.8
2020-12-01 13:16:34,2020-12-01 13:18:10,1,.57,230,230,6.8
2020-12-01 13:52:53,2020-12-01 14:25:19,0,4.00,170,239,29.75
2020-12-01 13:26:11,2020-12-01 13:48:43,1,3.04,238,141,24.12
2020-12-01 13:56:44,2020-12-01 14:01:58,0,1.00,164,234,11
2020-12-01 14:13:36,2020-12-01 14:30:02,1,3.40,50,263,20.75
2020-12-01 14:27:32,2020-12-01 15:12:14,3,6.52,166,126,31.3
2020-12-01 14:30:59,2020-12-01 14:33:51,1,.72,236,43,5.3
2020-12-01 14:12:29,2020-12-01 14:15:49,1,.29,74,75,4.3
2020-12-01 15:58:02,2020-12-01 16:12:14,1,2.77,143,68,18
2020-12-01 15:04:58,2020-12-01 15:18:04,1,2.60,48,151,17.85
2020-12-01 15:05:09,2020-12-01 15:21:14,1,5.40,45,226,21.8
2020-12-01 15:52:09,2020-12-01 16:09:51,1,2.66,170,236,20.16
2020-12-01 16:10:05,2020-12-01 16:18:01,3,.99,161,100,13.5
2020-12-01 16:17:40,2020-12-01 16:24:18,1,.80,246,246,12.95
2020-12-01 16:30:36,2020-12-01 16:38:50,1,1.20,237,236,13.57
2020-12-01 16:59:34,2020-12-01 17:03:38,1,.80,141,237,10.55
2020-12-01 17:17:27,2020-12-01 17:21:05,1,.50,24,151,6.3
2020-12-01 17:46:58,2020-12-01 18:20:24,1,16.51,132,255,54.8
2020-12-01 16:35:21,2020-12-01 17:01:48,1,5.11,107,239,26.24
2020-12-01 17:11:40,2020-12-01 17:35:03,5,2.05,236,163,23.76
2020-12-01 18:43:49,2020-12-01 18:56:03,1,2.20,142,233,18.35
2020-12-01 18:43:39,2020-12-01 18:48:24,2,1.08,43,238,11.76
2020-12-01 18:21:39,2020-12-01 18:34:06,1,.00,230,238,17.3
2020-12-01 19:07:35,2020-12-01 19:16:28,1,1.79,162,113,15.36
2020-12-01 19:44:43,2020-12-01 19:50:50,1,1.50,43,141,13.5
2020-12-01 19:03:14,2020-12-01 19:24:49,2,4.30,140,114,24.95
2020-12-01 20:04:27,2020-12-01 20:23:00,1,4.72,137,151,23
2020-12-01 20:00:34,2020-12-01 20:05:59,1,1.00,249,68,11.76
2020-12-01 20:59:03,2020-12-01 21:05:49,3,1.15,236,43,12.42
2020-12-01 21:38:21,2020-12-01 21:44:47,1,2.01,107,141,14.16
2020-12-01 22:32:24,2020-12-01 22:43:31,1,2.00,13,144,16.6
2020-12-01 23:41:07,2020-12-01 23:46:51,1,1.30,236,239,12.35
2020-12-02 05:29:40,2020-12-02 05:33:33,1,1.20,68,48,9.3
2020-12-02 07:26:30,2020-12-02 07:42:24,1,4.40,233,256,26
2020-12-02 07:39:01,2020-12-02 07:44:01,1,1.01,141,263,8.8
2020-12-02 08:05:54,2020-12-02 08:40:14,2,21.47,132,243,70
2020-12-02 08:44:31,2020-12-02 08:51:42,1,.80,162,161,10.8
2020-12-02 08:20:40,2020-12-02 08:44:15,1,4.30,249,140,25.55
2020-12-02 09:36:20,2020-12-02 09:45:58,1,2.06,237,48,15.38
2020-12-02 09:23:03,2020-12-02 09:32:50,1,1.50,186,161,13
2020-12-02 09:41:44,2020-12-02 09:49:07,2,1.20,237,236,12.25
2020-12-02 10:18:00,2020-12-02 10:36:10,1,3.30,234,236,17.3
2020-12-02 10:46:37,2020-12-02 10:54:21,1,1.10,141,161,12.35
2020-12-02 10:15:30,2020-12-02 10:23:01,1,1.66,48,162,12.96
2020-12-02 10:50:34,2020-12-02 11:07:16,1,2.59,113,161,18.96
2020-12-02 11:06:22,2020-12-02 11:19:31,1,1.60,141,236,16
2020-12-02 11:20:03,2020-12-02 11:35:59,1,3.50,231,186,20.47
2020-12-02 11:49:08,2020-12-02 12:05:20,1,3.70,141,226,17.8
2020-12-02 12:00:59,2020-12-02 12:05:43,1,.83,234,164,9.96
2020-12-02 12:03:20,2020-12-02 12:22:12,6,1.54,262,140,18.96
2020-12-02 12:54:31,2020-12-02 13:06:26,4,2.03,75,262,16.3
2020-12-02 12:50:55,2020-12-02 13:00:38,1,1.20,262,237,12.96
2020-12-02 13:12:11,2020-12-02 13:25:25,1,4.26,234,87,23.3
2020-12-02 13:42:38,2020-12-02 14:00:54,2,1.67,233,140,18.36
2020-12-02 13:57:54,2020-12-02 14:06:00,2,1.69,143,68,11.3
2020-12-02 13:47:44,2020-12-02 13:56:18,2,1.17,107,234,10.3
2020-12-02 14:35:26,2020-12-02 14:57:15,1,7.73,138,41,36.7
2020-12-02 14:33:30,2020-12-02 15:16:55,5,18.42,132,48,66.42
2020-12-02 14:55:19,2020-12-02 15:13:11,1,1.40,236,163,15.3
2020-12-02 14:14:39,2020-12-02 14:20:36,1,.65,263,237,8.8
2020-12-02 15:26:35,2020-12-02 15:37:32,1,1.12,107,100,11.8
2020-12-02 15:25:42,2020-12-02 15:30:46,1,.83,170,186,10.56
2020-12-02 15:24:17,2020-12-02 15:36:12,1,5.20,231,233,23.8
2020-12-02 15:50:04,2020-12-02 15:56:54,1,1.29,163,100,12.88
2020-12-02 16:10:25,2020-12-02 16:22:23,2,1.80,163,164,13.8
2020-12-02 16:05:57,2020-12-02 16:19:36,1,2.45,141,43,19.13
2020-12-02 16:10:23,2020-12-02 16:55:03,1,6.20,75,231,36.63
2020-12-02 16:12:58,2020-12-02 16:21:57,1,.92,170,186,14.75
2020-12-02 17:39:38,2020-12-02 17:48:29,2,1.21,236,141,14.16
2020-12-02 17:48:26,2020-12-02 17:59:15,1,1.10,236,141,12.8
2020-12-02 17:35:44,2020-12-02 18:12:55,1,10.85,170,265,54.55
2020-12-02 17:02:30,2020-12-02 17:11:04,2,1.70,100,143,14.75
2020-12-02 18:31:44,2020-12-02 18:42:20,1,2.30,142,236,16.55
2020-12-02 18:22:51,2020-12-02 18:29:43,1,1.20,48,100,10.8
2020-12-02 18:14:07,2020-12-02 18:26:56,1,2.45,161,236,18.5
2020-12-02 19:45:15,2020-12-02 19:47:36,1,.50,234,113,10.35
2020-12-02 19:44:18,2020-12-02 19:45:28,5,.39,236,75,9.12
2020-12-02 19:52:26,2020-12-02 19:57:45,1,1.80,237,75,11.3
2020-12-02 20:16:40,2020-12-02 20:28:59,0,2.70,161,238,16.3
2020-12-02 20:36:32,2020-12-02 20:42:34,1,1.02,233,230,9.8
2020-12-02 21:32:23,2020-12-02 21:40:31,1,1.14,230,48,11.8
2020-12-02 21:28:11,2020-12-02 21:34:43,1,1.68,161,236,13.56
2020-12-02 22:06:25,2020-12-02 22:13:44,1,1.49,140,142,13.56
2020-12-02 23:51:56,2020-12-03 00:05:11,1,.00,163,151,12.8
2020-12-03 05:40:19,2020-12-03 05:57:59,1,5.10,140,68,26.75
2020-12-03 06:49:33,2020-12-03 06:56:34,1,2.37,233,236,11.8
2020-12-03 07:52:11,2020-12-03 08:21:59,1,13.20,141,228,52
2020-12-03 07:31:53,2020-12-03 07:45:18,1,1.91,48,137,15.8
2020-12-03 08:53:09,2020-12-03 09:07:58,1,2.40,233,68,18.5
2020-12-03 08:25:19,2020-12-03 08:29:20,4,.76,236,236,9.3
2020-12-03 08:55:02,2020-12-03 08:57:36,1,.65,43,264,8.76
2020-12-03 09:51:33,2020-12-03 09:55:21,1,.50,170,164,8.55
2020-12-03 09:02:16,2020-12-03 09:05:00,6,.60,238,238,7.3
2020-12-03 09:26:06,2020-12-03 09:29:01,1,.40,137,170,9.3
2020-12-03 10:25:54,2020-12-03 10:33:17,4,1.84,68,231,13.3
2020-12-03 10:33:12,2020-12-03 10:39:25,2,.56,236,236,11.44
2020-12-03 10:54:10,2020-12-03 11:10:22,1,1.50,236,140,14.3
2020-12-03 11:48:16,2020-12-03 11:55:50,1,.87,236,237,11.8
2020-12-03 11:02:06,2020-12-03 11:18:17,3,4.76,140,211,23
2020-12-03 11:54:34,2020-12-03 11:59:07,1,.73,141,237,9.96
2020-12-03 12:14:01,2020-12-03 12:18:59,0,1.30,114,107,12.05
2020-12-03 12:13:42,2020-12-03 12:35:59,6,13.69,132,91,38.8
2020-12-03 12:17:02,2020-12-03 12:26:18,2,1.07,48,170,10.8
2020-12-03 12:00:08,2020-12-03 12:03:33,1,.90,141,229,9.3
2020-12-03 13:50:52,2020-12-03 14:04:01,2,1.98,142,238,13.3
2020-12-03 13:40:58,2020-12-03 14:06:45,1,4.90,186,166,27.85
2020-12-03 13:31:58,2020-12-03 13:55:40,1,4.38,137,239,21.8
2020-12-03 14:03:28,2020-12-03 14:03:43,1,.00,264,264,2.95
2020-12-03 14:43:42,2020-12-03 14:50:08,2,1.15,141,263,12.09
2020-12-03 14:29:36,2020-12-03 14:45:18,1,4.94,239,42,21.3
2020-12-03 14:02:29,2020-12-03 14:05:09,1,.50,170,170,8.75
2020-12-03 14:16:51,2020-12-03 14:21:55,1,.75,140,263,9.96
2020-12-03 15:18:06,2020-12-03 15:37:57,1,3.15,237,249,20.3
2020-12-03 16:00:49,2020-12-03 16:29:35,5,3.49,140,151,27.88
2020-12-03 15:02:43,2020-12-03 15:18:07,1,1.67,140,75,15.3
2020-12-03 15:43:31,2020-12-03 15:54:46,1,2.10,79,162,12.8
2020-12-03 16:15:45,2020-12-03 16:19:20,5,.62,263,262,10.56
2020-12-03 16:19:38,2020-12-03 16:25:38,1,1.38,43,142,12.96
2020-12-03 16:08:30,2020-12-03 16:20:55,1,2.00,170,68,14.3
2020-12-03 16:04:26,2020-12-03 16:09:24,1,.50,236,236,12.05
2020-12-03 17:11:18,2020-12-03 17:36:14,3,3.64,90,236,21.8
2020-12-03 17:59:04,2020-12-03 18:10:41,1,1.60,142,237,15.18
2020-12-03 17:42:33,2020-12-03 17:45:02,1,.27,237,237,10.14
2020-12-03 17:00:08,2020-12-03 17:09:19,1,1.31,162,90,14.16
2020-12-03 18:37:08,2020-12-03 18:44:22,1,1.40,100,50,13.56
2020-12-03 18:38:15,2020-12-03 18:56:58,1,2.71,90,237,18.8
2020-12-03 18:01:22,2020-12-03 18:11:09,2,1.80,161,113,15.35
2020-12-03 19:37:15,2020-12-03 19:51:20,1,1.90,140,43,17.75
2020-12-03 19:09:19,2020-12-03 19:17:50,1,1.50,142,48,13.8
2020-12-03 19:30:28,2020-12-03 19:34:38,1,.74,114,249,12.09
2020-12-03 20:09:45,2020-12-03 20:15:39,1,2.05,229,236,13.3
2020-12-03 20:39:43,2020-12-03 20:55:33,1,2.58,140,170,19.56
2020-12-03 21:25:01,2020-12-03 21:28:40,0,.90,161,100,8.8
2020-12-03 21:40:31,2020-12-03 21:46:49,1,1.40,237,236,10.8
2020-12-03 22:09:38,2020-12-03 22:15:45,1,1.48,237,143,13.39
2020-12-03 21:40:08,2020-12-03 22:05:12,1,.00,100,246,18.96
2020-12-03 23:41:12,2020-12-04 00:06:58,1,14.56,215,116,70.7
2020-12-04 03:34:15,2020-12-04 03:41:26,1,1.46,211,87,12.96
2020-12-04 06:33:00,2020-12-04 06:45:05,1,4.86,262,249,20
2020-12-04 07:58:13,2020-12-04 08:11:29,1,2.00,236,141,15.8
2020-12-04 07:25:45,2020-12-04 07:29:04,1,1.00,249,125,8.3
2020-12-04 08:42:28,2020-12-04 09:00:22,5,2.48,107,237,20.16
2020-12-04 08:30:36,2020-12-04 08:55:39,1,16.46,23,29,71.3
2020-12-04 09:04:46,2020-12-04 09:14:15,1,1.57,164,48,14.16
2020-12-04 09:48:34,2020-12-04 09:54:05,1,1.00,90,107,11.8
2020-12-04 09:57:13,2020-12-04 10:09:26,1,2.26,162,75,12.8
2020-12-04 10:11:07,2020-12-04 10:19:13,1,1.67,239,50,12.96
2020-12-04 09:55:40,2020-12-04 10:01:48,1,1.26,264,264,9.8
2020-12-04 10:04:54,2020-12-04 10:12:29,1,.90,236,75,12.35
2020-12-04 11:05:14,2020-12-04 11:30:10,5,2.91,162,43,19.8
2020-12-04 11:36:19,2020-12-04 11:40:28,1,.25,161,161,10.14
2020-12-04 11:18:21,2020-12-04 11:28:36,1,1.25,140,229,14.69
2020-12-04 12:59:02,2020-12-04 13:03:56,2,.50,161,161,9.95
2020-12-04 12:09:26,2020-12-04 12:19:50,1,1.31,164,137,11.3
2020-12-04 12:35:32,2020-12-04 12:41:29,1,.77,236,237,10.56
2020-12-04 12:07:16,2020-12-04 12:13:47,0,1.30,236,262,11.27
2020-12-04 13:21:49,2020-12-04 13:48:06,1,7.10,114,166,35.35
2020-12-04 13:41:08,2020-12-04 14:14:40,1,5.34,68,7,32.76
2020-12-04 13:34:44,2020-12-04 13:38:36,1,.78,237,263,9.8
2020-12-04 13:10:54,2020-12-04 13:25:50,1,2.25,262,163,15.8
2020-12-04 14:47:58,2020-12-04 15:02:59,1,1.70,151,75,11.8
2020-12-04 14:53:38,2020-12-04 14:58:27,1,.81,152,166,5.8
2020-12-04 14:34:05,2020-12-04 14:44:01,1,1.70,162,236,14.3
2020-12-04 14:32:06,2020-12-04 14:42:53,1,1.44,142,68,14.16
2020-12-04 15:47:30,2020-12-04 16:00:13,1,1.50,140,263,12.8
2020-12-04 15:49:00,2020-12-04 16:15:29,2,3.40,236,107,23.3
2020-12-04 15:15:56,2020-12-04 15:20:22,4,.76,263,262,8.3
2020-12-04 15:27:06,2020-12-04 15:36:05,2,.88,236,237,12.36
2020-12-04 16:14:17,2020-12-04 16:28:39,1,1.93,237,48,16.3
2020-12-04 16:26:05,2020-12-04 16:28:29,1,.55,125,249,9.96
2020-12-04 16:01:24,2020-12-04 16:08:58,1,1.16,143,230,13.56
2020-12-04 16:22:41,2020-12-04 16:39:22,1,2.20,238,262,16.3
2020-12-04 17:01:16,2020-12-04 17:03:18,1,.41,50,50,9.3
2020-12-04 17:10:22,2020-12-04 17:21:06,2,1.50,100,229,15.36
2020-12-04 17:08:15,2020-12-04 17:16:34,1,.66,233,170,12.42
2020-12-04 17:17:12,2020-12-04 17:31:13,1,1.90,161,263,15.8
2020-12-04 18:24:30,2020-12-04 18:55:39,1,6.20,143,243,45.8
2020-12-04 18:38:22,2020-12-04 18:45:25,1,1.54,137,79,11.3
2020-12-04 18:26:59,2020-12-04 18:45:58,1,3.40,48,114,22.55
2020-12-04 18:41:17,2020-12-04 18:47:36,1,1.40,137,79,12.8
2020-12-04 19:06:38,2020-12-04 19:39:42,1,12.07,79,127,51
2020-12-04 19:13:47,2020-12-04 19:23:09,0,1.90,236,162,14.3
2020-12-04 19:14:27,2020-12-04 19:17:33,1,.50,90,68,8.8
2020-12-04 20:39:14,2020-12-04 20:45:08,1,.84,236,140,11.16
2020-12-04 20:38:25,2020-12-04 20:47:51,1,1.60,249,231,15.3
2020-12-04 21:55:19,2020-12-04 22:27:52,1,13.82,164,241,44.8
2020-12-04 21:29:58,2020-12-04 21:30:36,1,.00,168,168,25.3
2020-12-04 22:17:13,2020-12-04 22:29:22,1,4.12,162,45,21.36
2020-12-04 22:56:06,2020-12-04 23:02:44,1,.95,170,170,11.54
2020-12-04 23:02:41,2020-12-04 23:23:18,1,10.93,132,129,32.3
2020-12-05 00:26:16,2020-12-05 00:31:29,1,.87,249,68,11.16
2020-12-05 02:42:02,2020-12-05 02:51:38,2,2.49,48,234,17.94
2020-12-05 07:26:38,2020-12-05 07:38:05,1,2.60,141,43,17.85
2020-12-05 08:48:49,2020-12-05 08:53:15,2,.74,237,140,8.3
2020-12-05 09:15:42,2020-12-05 09:28:19,2,2.21,107,163,17.16
2020-12-05 09:20:25,2020-12-05 09:25:58,1,1.19,142,162,10.8
2020-12-05 10:57:58,2020-12-05 10:59:11,1,.20,48,48,6.3
2020-12-05 10:57:04,2020-12-05 11:08:59,1,3.00,186,239,19.2
2020-12-05 11:25:20,2020-12-05 11:43:40,1,4.39,211,229,23.76
2020-12-05 11:10:58,2020-12-05 11:18:37,1,1.76,161,236,12.98
2020-12-05 12:10:32,2020-12-05 12:20:25,1,.63,50,100,10.8
2020-12-05 12:27:17,2020-12-05 12:40:30,1,1.50,79,90,12.8
2020-12-05 12:02:26,2020-12-05 12:11:23,1,1.35,166,152,9.3
2020-12-05 13:05:21,2020-12-05 13:23:10,5,4.78,238,234,24.3
2020-12-05 13:46:17,2020-12-05 14:00:05,1,2.79,151,236,18.36
2020-12-05 14:06:03,2020-12-05 14:10:45,1,.80,143,142,8.8
2020-12-05 14:47:22,2020-12-05 14:56:50,1,1.70,141,162,14.75
2020-12-05 14:31:04,2020-12-05 14:38:29,1,1.26,161,140,10.3
2020-12-05 15:13:33,2020-12-05 15:17:16,3,.79,237,236,8.3
2020-12-05 15:45:20,2020-12-05 16:06:27,1,4.51,211,143,21.3
2020-12-05 15:27:38,2020-12-05 15:45:35,1,2.50,229,79,18.8
2020-12-05 15:28:13,2020-12-05 15:39:21,1,1.70,237,236,15.35
2020-12-05 16:39:45,2020-12-05 16:46:37,1,1.44,170,229,12.36
2020-12-05 16:15:41,2020-12-05 16:17:12,1,.36,107,107,6.8
2020-12-05 16:52:48,2020-12-05 16:57:56,1,1.30,233,107,12.05
2020-12-05 17:12:23,2020-12-05 17:18:05,1,.90,239,238,10.3
2020-12-05 17:02:35,2020-12-05 17:11:38,1,1.92,262,162,14.76
2020-12-05 17:49:16,2020-12-05 17:55:34,1,.80,238,238,10.3
2020-12-05 18:41:21,2020-12-05 18:49:29,1,1.20,107,114,12.95
2020-12-05 18:35:10,2020-12-05 18:39:12,1,.52,231,211,9.36
2020-12-05 18:36:17,2020-12-05 18:46:35,1,2.63,238,230,15.96
2020-12-05 19:47:40,2020-12-05 20:01:40,1,2.00,162,140,18.8
2020-12-05 19:13:10,2020-12-05 19:18:41,1,1.30,79,170,10.8
2020-12-05 19:24:08,2020-12-05 19:32:07,2,.89,249,79,11.76
2020-12-05 20:16:20,2020-12-05 20:23:38,4,1.05,90,164,12.36
2020-12-05 20:02:26,2020-12-05 20:10:49,5,1.43,151,238,13
2020-12-05 21:23:28,2020-12-05 21:28:03,1,.74,249,249,10.56
2020-12-05 21:51:14,2020-12-05 21:56:49,1,1.14,249,90,12.36
2020-12-05 22:44:31,2020-12-05 22:49:08,2,.87,79,114,11.16
2020-12-05 22:17:23,2020-12-05 22:30:09,2,5.87,229,88,25
2020-12-05 23:43:31,2020-12-05 23:47:04,1,1.00,249,158,11.4
2020-12-06 00:30:11,2020-12-06 00:33:31,1,.95,158,246,8.8
2020-12-06 02:09:44,2020-12-06 02:20:03,1,3.77,231,48,15.8
2020-12-06 07:35:13,2020-12-06 07:51:52,1,3.22,152,75,14.3
2020-12-06 08:32:29,2020-12-06 08:36:58,1,1.33,141,170,10.55
2020-12-06 09:45:13,2020-12-06 10:00:43,3,6.80,262,45,29.75
2020-12-06 10:24:48,2020-12-06 10:27:43,5,1.23,79,137,10.56
2020-12-06 10:53:36,2020-12-06 11:00:06,1,1.40,74,236,10.3
2020-12-06 11:22:52,2020-12-06 11:25:33,1,1.10,162,237,9.3
2020-12-06 11:58:06,2020-12-06 12:11:01,1,3.00,262,233,15.8
2020-12-06 12:47:18,2020-12-06 12:51:31,1,.70,238,238,9.95
2020-12-06 12:33:09,2020-12-06 12:36:38,1,1.11,238,239,9.96
2020-12-06 12:29:35,2020-12-06 12:30:59,1,.32,151,24,3.8
2020-12-06 13:27:17,2020-12-06 13:29:20,2,.40,141,263,7.8
2020-12-06 13:36:05,2020-12-06 13:50:09,1,2.75,239,164,16.8
2020-12-06 14:03:10,2020-12-06 14:11:15,1,.80,151,151,7.8
2020-12-06 14:49:51,2020-12-06 15:00:57,1,2.20,264,48,15.95
2020-12-06 14:03:51,2020-12-06 14:20:27,1,4.21,170,7,23.16
2020-12-06 14:25:01,2020-12-06 14:35:06,5,1.81,142,238,15.38
2020-12-06 15:46:25,2020-12-06 16:04:23,1,3.20,236,68,19.3
2020-12-06 15:43:46,2020-12-06 15:50:13,1,1.15,239,142,11.76
2020-12-06 15:20:52,2020-12-06 15:27:36,1,1.67,68,48,12.36
2020-12-06 16:35:34,2020-12-06 16:42:44,1,1.35,88,231,12.36
2020-12-06 16:39:21,2020-12-06 16:48:46,1,2.00,74,262,15.3
2020-12-06 16:07:20,2020-12-06 16:16:06,1,1.50,100,246,11.3
2020-12-06 17:22:17,2020-12-06 17:52:28,2,19.79,132,236,73.7
2020-12-06 17:26:05,2020-12-06 17:40:28,1,1.70,100,237,16.3
2020-12-06 17:23:49,2020-12-06 17:34:59,2,2.29,48,234,13.3
2020-12-06 18:30:35,2020-12-06 18:40:21,1,1.27,41,42,8.8
2020-12-06 18:02:52,2020-12-06 18:37:37,1,9.98,162,169,37.3
2020-12-06 18:15:35,2020-12-06 18:23:01,1,2.00,137,141,13.55
2020-12-06 19:10:27,2020-12-06 19:15:00,1,.90,142,239,10.55
2020-12-06 19:31:28,2020-12-06 20:02:02,1,10.15,138,142,37.3
2020-12-06 20:46:43,2020-12-06 21:10:46,1,15.50,138,261,64.27
2020-12-06 21:48:14,2020-12-06 21:51:28,4,.78,140,236,9.96
2020-12-06 22:35:28,2020-12-06 22:39:10,1,1.07,142,48,-9.3
2020-12-06 23:23:25,2020-12-06 23:31:35,1,2.00,236,143,14.75
2020-12-07 06:55:08,2020-12-07 07:03:04,1,2.20,237,75,13.41
2020-12-07 07:01:37,2020-12-07 07:05:53,1,.85,262,140,8.3
2020-12-07 07:31:10,2020-12-07 07:33:40,1,.67,237,237,8.76
2020-12-07 08:44:13,2020-12-07 08:47:35,0,.40,162,170,8.75
2020-12-07 08:49:27,2020-12-07 09:13:13,1,3.80,113,236,23.3
2020-12-07 08:31:01,2020-12-07 08:37:57,1,1.14,263,141,9.8
2020-12-07 09:10:14,2020-12-07 09:18:58,1,1.47,113,231,12.3
2020-12-07 09:30:58,2020-12-07 09:55:20,1,2.66,236,230,20.3
2020-12-07 09:52:06,2020-12-07 09:58:04,2,1.27,13,125,11.76
2020-12-07 10:16:56,2020-12-07 10:28:55,2,.75,140,141,14.16
2020-12-07 10:57:31,2020-12-07 11:08:18,1,1.90,186,158,12.8
2020-12-07 10:07:00,2020-12-07 10:27:07,1,1.90,141,43,20.15
2020-12-07 11:42:06,2020-12-07 11:46:37,1,.62,140,141,8.3
2020-12-07 11:48:29,2020-12-07 11:58:11,1,2.19,239,236,-12.8
2020-12-07 11:45:48,2020-12-07 12:04:38,1,2.81,75,162,17.3
2020-12-07 12:14:37,2020-12-07 12:26:37,3,2.00,239,48,15.3
2020-12-07 12:04:56,2020-12-07 12:25:28,1,3.59,162,239,19.3
2020-12-07 12:05:56,2020-12-07 12:36:30,1,4.54,42,142,29.16
2020-12-07 13:27:13,2020-12-07 13:27:19,1,.00,193,179,3.3
2020-12-07 13:02:29,2020-12-07 13:23:03,1,2.98,151,42,15.3
2020-12-07 13:31:10,2020-12-07 13:40:25,2,.70,164,249,10.3
2020-12-07 13:07:45,2020-12-07 13:20:21,1,2.32,231,107,17.16
2020-12-07 14:51:03,2020-12-07 15:11:13,1,3.16,140,186,18.3
2020-12-07 14:06:51,2020-12-07 14:10:16,2,.38,262,263,7.3
2020-12-07 14:37:43,2020-12-07 14:48:56,1,1.31,263,140,12.3
2020-12-07 14:23:27,2020-12-07 14:29:56,1,1.40,236,238,11.85
2020-12-07 15:24:25,2020-12-07 15:43:01,1,1.63,236,237,16.8
2020-12-07 15:12:35,2020-12-07 15:27:58,1,1.52,237,161,17.88
2020-12-07 15:02:13,2020-12-07 15:21:38,1,3.52,234,236,20.8
2020-12-07 16:36:15,2020-12-07 16:44:01,1,1.19,141,262,11.3
2020-12-07 16:22:51,2020-12-07 16:28:12,1,.61,161,163,11.76
2020-12-07 16:15:22,2020-12-07 16:32:53,5,2.83,113,229,19.3
2020-12-07 16:01:59,2020-12-07 16:19:31,1,3.40,162,239,23.5
2020-12-07 17:45:28,2020-12-07 17:49:10,1,.60,170,161,10.56
2020-12-07 17:36:52,2020-12-07 17:55:02,1,5.22,238,164,22.3
2020-12-07 17:09:47,2020-12-07 17:20:27,1,1.52,68,234,16.64
2020-12-07 17:54:38,2020-12-07 18:06:04,1,1.70,163,170,15.96
2020-12-07 18:50:21,2020-12-07 18:52:09,1,.56,41,166,7.3
2020-12-07 18:32:45,2020-12-07 18:45:25,5,1.29,100,246,16.56
2020-12-07 18:25:10,2020-12-07 18:47:26,1,2.98,107,48,22.8
2020-12-07 19:53:45,2020-12-07 19:57:32,4,1.01,264,264,8.16
2020-12-07 19:09:20,2020-12-07 19:16:05,1,1.68,162,234,13.56
2020-12-07 20:46:07,2020-12-07 20:53:57,6,2.38,79,229,15.36
2020-12-07 20:18:31,2020-12-07 20:38:30,1,12.09,138,107,52.7
2020-12-07 21:00:11,2020-12-07 21:17:15,1,4.83,249,140,23.76
2020-12-07 22:15:38,2020-12-07 22:34:28,3,5.19,186,232,22.3
2020-12-07 23:54:30,2020-12-08 00:05:23,3,2.81,230,79,14.8
2020-12-08 06:52:59,2020-12-08 07:01:47,1,2.34,236,166,14.3
2020-12-08 07:25:13,2020-12-08 07:35:12,1,2.10,263,166,13.8
2020-12-08 07:28:04,2020-12-08 07:43:45,1,3.80,231,161,20.15
2020-12-08 08:17:13,2020-12-08 08:24:58,1,1.31,158,231,12.36
2020-12-08 08:26:39,2020-12-08 08:40:19,1,2.68,246,231,16.83
2020-12-08 08:44:48,2020-12-08 08:53:32,1,1.27,141,262,12.8
2020-12-08 08:50:38,2020-12-08 09:02:52,1,2.30,239,75,17.15
2020-12-08 09:28:58,2020-12-08 09:42:13,1,1.54,142,140,15.96
2020-12-08 08:21:24,2020-12-08 08:32:34,1,1.76,141,238,14
2020-12-08 09:27:44,2020-12-08 09:35:14,1,1.13,90,137,10.3
2020-12-08 10:31:56,2020-12-08 10:49:22,1,3.60,48,75,23.14
2020-12-08 10:08:41,2020-12-08 10:14:05,1,.96,263,236,10.56
2020-12-08 10:50:07,2020-12-08 11:00:18,6,1.79,229,100,11.8
2020-12-08 11:47:23,2020-12-08 11:55:12,3,.81,43,141,11.8
2020-12-08 11:49:26,2020-12-08 11:54:51,1,.80,161,229,10.5
2020-12-08 11:23:40,2020-12-08 11:30:55,1,.88,237,236,13.3
2020-12-08 12:59:14,2020-12-08 13:00:25,1,.00,145,145,3.8
2020-12-08 12:16:57,2020-12-08 12:21:39,1,.80,140,237,8.3
2020-12-08 12:40:50,2020-12-08 12:49:43,2,3.00,168,247,13.8
2020-12-08 12:19:19,2020-12-08 12:27:52,1,1.18,107,114,12.36
2020-12-08 13:45:07,2020-12-08 13:53:02,1,1.20,137,229,12.35
2020-12-08 13:44:53,2020-12-08 13:45:52,1,.00,193,193,3.96
2020-12-08 13:54:07,2020-12-08 14:03:13,1,1.56,164,43,13.56
2020-12-08 13:04:32,2020-12-08 13:20:59,1,3.20,163,151,17.3
2020-12-08 14:46:53,2020-12-08 14:56:11,1,1.18,236,237,12.96
2020-12-08 14:05:58,2020-12-08 14:12:46,2,.80,75,236,9.3
2020-12-08 14:10:33,2020-12-08 14:12:56,1,.37,239,143,8.16
2020-12-08 14:20:12,2020-12-08 14:26:51,1,.59,231,209,8.8
2020-12-08 15:21:57,2020-12-08 15:32:15,1,.80,236,237,12.95
2020-12-08 15:28:33,2020-12-08 15:43:54,2,2.60,162,239,18.95
2020-12-08 15:39:55,2020-12-08 16:15:20,1,9.41,143,209,28.8
2020-12-08 15:33:58,2020-12-08 15:40:53,1,1.14,141,75,11.76
2020-12-08 15:50:54,2020-12-08 15:54:57,1,.72,162,170,8.3
2020-12-08 16:45:53,2020-12-08 16:51:26,1,.80,142,143,12.25
2020-12-08 16:27:37,2020-12-08 16:40:54,1,1.60,234,79,15.8
2020-12-08 16:20:59,2020-12-08 16:48:24,1,4.21,262,186,27.3
2020-12-08 16:44:07,2020-12-08 16:53:21,1,1.55,237,236,14.72
2020-12-08 17:45:14,2020-12-08 18:03:27,1,2.60,170,262,17.8
2020-12-08 17:19:24,2020-12-08 17:28:59,1,1.66,161,43,12.3
2020-12-08 17:53:59,2020-12-08 18:02:51,1,1.82,164,141,15.36
2020-12-08 17:48:18,2020-12-08 18:07:35,1,3.02,142,137,20.3
2020-12-08 18:48:34,2020-12-08 18:53:43,1,.78,74,42,7.3
2020-12-08 18:00:04,2020-12-08 18:07:04,3,.97,163,142,12.3
2020-12-08 18:52:49,2020-12-08 18:57:47,1,1.78,48,142,14.69
2020-12-08 19:25:58,2020-12-08 19:48:52,0,9.70,239,241,34.3
2020-12-08 19:17:41,2020-12-08 19:24:07,1,1.30,140,263,12.96
2020-12-08 19:02:36,2020-12-08 19:18:30,1,3.55,230,41,22.88
2020-12-08 20:13:38,2020-12-08 20:28:50,1,3.50,249,143,19.9
2020-12-08 20:04:41,2020-12-08 20:10:37,1,1.13,163,239,11.84
2020-12-08 21:31:13,2020-12-08 21:34:13,1,.64,41,74,5.8
2020-12-08 21:45:26,2020-12-08 21:53:06,1,1.35,163,164,10.8
2020-12-08 22:48:26,2020-12-08 23:02:07,1,3.36,186,238,21
2020-12-09 00:39:55,2020-12-09 00:59:35,1,3.50,152,167,17.3
2020-12-09 06:38:18,2020-12-09 06:53:39,1,3.73,264,264,18.3
2020-12-09 07:15:13,2020-12-09 07:20:21,1,.60,236,263,10.75
2020-12-09 07:45:41,2020-12-09 08:01:20,1,2.75,107,264,18
2020-12-09 08:54:14,2020-12-09 09:03:02,1,1.20,236,262,12.95
2020-12-09 08:44:23,2020-12-09 08:50:15,2,.94,142,237,9.3
2020-12-09 08:09:45,2020-12-09 08:26:24,1,2.68,142,142,17.3
2020-12-09 08:24:50,2020-12-09 08:44:03,1,3.43,239,164,23.14
2020-12-09 09:04:43,2020-12-09 09:10:37,1,.40,114,249,10.55
2020-12-09 09:12:08,2020-12-09 09:31:26,1,2.60,74,141,16.8
2020-12-09 09:47:19,2020-12-09 10:14:36,1,7.72,237,95,-30.8
2020-12-09 10:58:33,2020-12-09 11:05:45,1,1.83,237,161,13.56
2020-12-09 10:38:38,2020-12-09 10:45:28,2,.98,114,158,9.8
2020-12-09 10:02:48,2020-12-09 10:15:03,1,1.04,79,113,12.3
2020-12-09 11:44:28,2020-12-09 12:06:24,1,3.30,161,239,24.4
2020-12-09 11:35:43,2020-12-09 11:49:02,1,1.53,236,229,18.3
2020-12-09 11:24:52,2020-12-09 11:31:02,1,1.53,170,234,14.12
2020-12-09 12:00:08,2020-12-09 12:07:50,1,.30,237,237,11.15
2020-12-09 12:12:10,2020-12-09 12:17:51,1,.95,48,246,9.3
2020-12-09 12:01:48,2020-12-09 12:14:01,1,2.01,161,224,15.96
2020-12-09 12:56:43,2020-12-09 13:11:17,1,1.30,229,161,15.95
2020-12-09 12:51:46,2020-12-09 13:05:54,3,2.47,233,236,17.88
2020-12-09 13:38:50,2020-12-09 13:39:17,1,.00,229,229,5.8
2020-12-09 13:44:55,2020-12-09 13:55:11,1,1.89,163,107,-11.8
2020-12-09 13:30:12,2020-12-09 13:37:05,1,1.32,90,161,11.76
2020-12-09 13:14:00,2020-12-09 13:17:07,2,.36,170,170,-7.3
2020-12-09 14:47:32,2020-12-09 14:56:18,1,1.33,239,151,13.8
2020-12-09 14:33:01,2020-12-09 14:55:04,1,2.34,262,43,19.8
2020-12-09 14:04:13,2020-12-09 14:10:29,1,1.07,236,262,11.16
2020-12-09 14:32:24,2020-12-09 15:15:01,2,20.00,132,236,73.7
2020-12-09 15:31:07,2020-12-09 15:49:08,2,3.24,75,48,21.62
2020-12-09 15:34:09,2020-12-09 15:59:32,1,5.30,107,7,27.49
2020-12-09 15:51:40,2020-12-09 16:15:12,2,3.00,233,143,19.3
2020-12-09 15:21:36,2020-12-09 15:38:40,1,2.27,239,161,18.96
2020-12-09 16:37:46,2020-12-09 16:42:02,3,.87,90,186,11.16
2020-12-09 16:10:08,2020-12-09 16:24:01,1,2.67,137,262,17.8
2020-12-09 16:12:04,2020-12-09 16:25:41,1,2.20,230,68,17.75
2020-12-09 16:22:43,2020-12-09 16:30:31,5,1.19,158,90,10.8
2020-12-09 17:53:56,2020-12-09 18:05:25,1,1.80,142,237,17.9
2020-12-09 17:40:38,2020-12-09 17:53:45,1,2.00,161,263,16.55
2020-12-09 17:42:18,2020-12-09 17:45:01,1,.52,90,100,8.3
2020-12-09 17:54:44,2020-12-09 18:01:22,1,1.25,43,142,13.56
2020-12-09 18:56:50,2020-12-09 19:04:22,1,1.64,239,48,13.8
2020-12-09 18:09:38,2020-12-09 18:13:28,1,.60,236,263,11.4
2020-12-09 18:52:35,2020-12-09 19:09:41,1,2.39,68,113,19.56
2020-12-09 19:59:13,2020-12-09 20:01:12,1,.42,239,238,8.58
2020-12-09 19:13:04,2020-12-09 19:21:48,1,1.90,42,74,10.3
2020-12-09 19:21:21,2020-12-09 19:35:33,1,3.30,211,48,20.75
2020-12-09 20:36:59,2020-12-09 20:43:06,2,1.17,239,151,11.8
2020-12-09 20:07:41,2020-12-09 20:13:54,1,1.50,164,249,11.8
2020-12-09 21:48:58,2020-12-09 21:52:55,1,.80,142,239,11.15
2020-12-09 21:31:04,2020-12-09 21:50:21,1,7.97,236,256,31.13
2020-12-09 22:15:13,2020-12-09 22:19:55,6,1.43,48,246,12.36
2020-12-09 23:37:47,2020-12-09 23:43:19,1,1.43,79,4,10.3
2020-12-10 02:15:14,2020-12-10 02:29:40,2,5.19,164,7,21.8
2020-12-10 06:51:25,2020-12-10 07:19:01,1,2.59,226,141,20.8
2020-12-10 07:40:35,2020-12-10 07:54:15,1,4.00,140,234,18.8
2020-12-10 07:46:48,2020-12-10 07:49:37,1,.30,238,239,7.3
2020-12-10 08:02:12,2020-12-10 08:06:37,1,1.29,142,238,11.63
2020-12-10 08:08:46,2020-12-10 08:09:20,1,.00,193,193,4.12
2020-12-10 08:03:21,2020-12-10 08:18:13,1,1.99,237,75,16.44
2020-12-10 09:34:55,2020-12-10 09:41:46,1,.79,236,75,11.16
2020-12-10 09:26:24,2020-12-10 09:32:14,1,.91,43,43,9.8
2020-12-10 09:48:07,2020-12-10 09:49:20,1,.07,79,79,6.3
2020-12-10 10:31:47,2020-12-10 10:36:59,1,.76,141,237,10.3
2020-12-10 10:33:38,2020-12-10 10:37:18,0,.70,48,143,9.35
2020-12-10 10:44:49,2020-12-10 10:48:06,1,.40,163,137,7.3
2020-12-10 11:29:06,2020-12-10 11:37:10,1,.80,236,237,10.8
2020-12-10 11:31:43,2020-12-10 11:42:44,2,1.90,238,142,15.3
2020-12-10 11:19:52,2020-12-10 11:30:01,1,1.58,162,236,14.16
2020-12-10 11:05:40,2020-12-10 11:15:38,1,1.60,237,43,14.9
2020-12-10 12:45:02,2020-12-10 12:47:45,1,.50,238,238,7.3
2020-12-10 12:45:47,2020-12-10 12:54:11,1,1.10,166,75,10
2020-12-10 12:23:35,2020-12-10 12:29:57,1,.93,237,236,11.16
2020-12-10 12:21:42,2020-12-10 12:26:33,1,.71,142,239,8.3
2020-12-10 13:12:10,2020-12-10 13:19:23,1,.99,233,229,9.8
2020-12-10 13:45:24,2020-12-10 14:06:55,2,2.60,224,48,19.8
2020-12-10 13:49:09,2020-12-10 13:53:57,1,.29,239,238,10.79
2020-12-10 13:38:06,2020-12-10 14:11:07,1,1.57,161,236,25.64
2020-12-10 14:25:17,2020-12-10 14:36:24,1,1.52,237,236,14.16
2020-12-10 14:42:34,2020-12-10 14:48:50,1,1.07,238,151,11.62
2020-12-10 14:36:04,2020-12-10 14:38:03,1,.30,262,262,8.5
2020-12-10 14:12:25,2020-12-10 14:19:50,1,.70,263,262,10.3
2020-12-10 15:55:27,2020-12-10 16:08:32,1,2.35,107,140,16.56
2020-12-10 15:58:57,2020-12-10 16:21:56,1,3.26,234,88,22.56
2020-12-10 12:03:28,2020-12-10 12:13:43,1,1.44,238,236,14.16
2020-12-10 15:28:00,2020-12-10 15:38:12,1,1.10,186,170,14.3
2020-12-10 16:21:15,2020-12-10 16:51:05,1,5.40,43,261,29.8
2020-12-10 16:00:19,2020-12-10 16:22:20,1,1.72,140,162,22.56
2020-12-10 16:50:17,2020-12-10 16:57:43,1,1.30,229,137,14.13
2020-12-10 16:42:10,2020-12-10 16:55:21,1,2.00,161,143,17.76
2020-12-10 16:15:45,2020-12-10 16:32:29,1,1.99,141,239,20.16
2020-12-10 17:28:37,2020-12-10 17:34:30,1,1.15,41,42,8.8
2020-12-10 17:11:45,2020-12-10 17:17:47,1,.90,140,236,10.3
2020-12-10 17:55:10,2020-12-10 18:04:13,1,1.60,238,236,14.75
2020-12-10 17:58:02,2020-12-10 18:03:14,1,.97,186,234,11.27
2020-12-10 18:51:00,2020-12-10 19:08:06,1,4.66,237,232,24.96
2020-12-10 17:58:36,2020-12-10 18:07:18,1,1.09,239,43,11.3
2020-12-10 18:20:23,2020-12-10 18:35:04,1,2.00,68,79,17.75
2020-12-10 18:08:15,2020-12-10 18:15:08,1,.90,163,162,12.96
2020-12-10 19:50:58,2020-12-10 20:30:56,1,16.95,132,97,49.56
2020-12-10 19:28:40,2020-12-10 19:42:26,1,2.90,233,239,16.8
2020-12-10 19:05:40,2020-12-10 19:16:40,1,1.60,163,237,14.9
2020-12-10 20:15:43,2020-12-10 20:26:44,1,3.57,244,243,18.59
2020-12-10 20:44:07,2020-12-10 20:52:37,1,2.41,170,236,14.72
2020-12-10 21:26:37,2020-12-10 21:30:59,2,1.06,161,186,11.16
2020-12-10 21:47:03,2020-12-10 21:57:22,1,1.96,211,13,12.8
2020-12-10 22:32:14,2020-12-10 22:37:08,1,1.48,237,236,12.36
2020-12-10 23:11:44,2020-12-10 23:23:22,0,3.60,48,236,16.8
2020-12-11 00:58:08,2020-12-11 01:03:46,1,1.79,237,263,10.8
2020-12-11 06:52:53,2020-12-11 06:55:35,1,.63,140,140,8.76
2020-12-11 07:45:33,2020-12-11 07:55:08,1,1.80,239,48,14.75
2020-12-11 07:50:11,2020-12-11 08:10:00,1,2.70,229,246,19.3
2020-12-11 08:23:36,2020-12-11 08:27:11,1,.88,43,162,9.3
2020-12-11 08:01:36,2020-12-11 08:07:33,1,1.20,163,100,9.8
2020-12-11 08:41:04,2020-12-11 08:51:36,1,1.17,186,137,13.56
2020-12-11 09:56:23,2020-12-11 10:03:11,1,1.25,239,43,10.3
2020-12-11 09:53:51,2020-12-11 10:04:36,1,1.60,186,125,12.3
2020-12-11 09:40:19,2020-12-11 09:55:34,1,2.30,238,161,16.3
2020-12-11 10:09:55,2020-12-11 10:33:27,1,.00,76,62,24.03
2020-12-11 10:53:59,2020-12-11 10:57:50,1,.70,234,107,10.8
2020-12-11 10:51:21,2020-12-11 11:08:09,1,3.80,186,13,19.8
2020-12-11 11:32:56,2020-12-11 11:38:27,1,.88,236,236,9.68
2020-12-11 11:18:40,2020-12-11 11:22:39,1,.58,237,237,7.8
2020-12-11 11:50:13,2020-12-11 11:56:28,1,.99,163,142,11.62
2020-12-11 12:09:00,2020-12-11 12:18:15,1,.88,262,237,10.8
2020-12-11 12:28:05,2020-12-11 12:57:15,1,9.00,138,79,38.75
2020-12-11 12:44:29,2020-12-11 12:51:35,1,1.02,263,141,9.8
2020-12-11 12:41:43,2020-12-11 12:53:29,1,1.90,264,48,16
2020-12-11 13:20:04,2020-12-11 13:26:21,1,.43,237,140,10.56
2020-12-11 13:45:14,2020-12-11 14:16:54,1,3.62,239,234,28.56
2020-12-11 13:14:56,2020-12-11 13:29:56,1,1.77,238,141,14.3
2020-12-11 13:23:17,2020-12-11 13:25:52,1,.52,229,233,7.3
2020-12-11 14:01:12,2020-12-11 14:09:46,6,1.07,151,41,9.96
2020-12-11 14:38:03,2020-12-11 14:53:48,3,2.43,74,238,17.3
2020-12-11 14:57:31,2020-12-11 15:07:40,2,1.47,141,163,13.8
2020-12-11 14:38:06,2020-12-11 14:50:56,1,1.65,79,90,15.36
2020-12-11 15:12:32,2020-12-11 16:11:09,2,13.61,140,98,49.3
2020-12-11 15:08:42,2020-12-11 15:17:01,1,.51,141,237,11.76
2020-12-11 15:39:19,2020-12-11 16:05:20,1,4.30,90,236,24.8
2020-12-11 15:56:28,2020-12-11 16:19:04,1,3.50,170,238,20.3
2020-12-11 15:25:28,2020-12-11 15:38:52,2,1.73,263,237,18.8
2020-12-11 16:22:52,2020-12-11 16:36:31,1,1.70,239,237,17.76
2020-12-11 16:06:35,2020-12-11 16:23:54,1,2.56,161,236,20.76
2020-12-11 16:45:24,2020-12-11 17:21:00,1,5.35,249,61,36.63
2020-12-11 16:30:36,2020-12-11 16:42:10,2,2.01,151,143,16.56
2020-12-11 17:25:53,2020-12-11 17:59:58,1,1.86,164,229,29.16
2020-12-11 17:11:54,2020-12-11 17:22:26,1,1.20,237,162,12.3
2020-12-11 17:56:51,2020-12-11 17:59:57,1,.48,162,162,9.96
2020-12-11 17:15:17,2020-12-11 17:43:18,2,4.01,107,75,26.8
2020-12-11 18:27:02,2020-12-11 18:37:48,1,1.40,170,68,17.25
2020-12-11 18:57:34,2020-12-11 19:01:00,1,.84,234,113,10.38
2020-12-11 18:12:55,2020-12-11 18:23:48,1,1.50,100,151,14.75
2020-12-11 18:22:41,2020-12-11 18:29:01,3,1.40,75,42,8.3
2020-12-11 19:43:46,2020-12-11 19:44:02,5,.05,151,151,-4.3
2020-12-11 19:13:31,2020-12-11 19:25:28,5,1.41,137,186,14.3
2020-12-11 19:34:42,2020-12-11 19:37:44,1,.59,262,140,8.3
2020-12-11 19:01:00,2020-12-11 19:15:29,2,2.66,161,236,17.3
2020-12-11 20:29:25,2020-12-11 20:34:52,1,1.43,140,263,12.36
2020-12-11 20:39:29,2020-12-11 20:49:23,1,1.90,186,249,13.3
2020-12-11 21:37:17,2020-12-11 21:44:49,1,1.03,100,162,12.36
2020-12-11 21:47:30,2020-12-11 22:00:15,1,3.18,170,262,15.8
2020-12-11 21:27:55,2020-12-11 21:34:54,2,.83,68,164,10.3
2020-12-11 22:59:00,2020-12-11 23:17:50,6,6.29,162,87,29.76
2020-12-11 22:54:11,2020-12-11 23:01:24,1,.53,186,186,9.8
2020-12-11 23:14:24,2020-12-11 23:32:22,1,4.68,249,17,20.3
2020-12-12 00:53:57,2020-12-12 01:03:39,0,2.70,263,142,14.3
2020-12-12 01:48:10,2020-12-12 01:58:17,2,4.82,141,168,18.8
2020-12-12 06:39:56,2020-12-12 06:45:01,1,1.00,41,166,6.3
2020-12-12 08:06:32,2020-12-12 08:14:47,1,1.67,50,237,11.3
2020-12-12 09:52:45,2020-12-12 10:05:12,1,3.11,140,107,17.85
2020-12-12 09:25:16,2020-12-12 09:34:16,1,1.96,170,237,13.3
2020-12-12 10:57:12,2020-12-12 10:59:58,1,.60,140,262,7.8
2020-12-12 10:41:42,2020-12-12 10:52:37,1,1.75,236,74,12.8
2020-12-12 11:02:01,2020-12-12 11:15:52,1,3.11,238,116,18.96
2020-12-12 11:30:54,2020-12-12 11:50:20,1,4.73,79,262,24.36
2020-12-12 11:55:37,2020-12-12 12:01:50,2,1.54,48,68,10.3
2020-12-12 12:06:51,2020-12-12 12:11:30,1,1.32,143,48,12.25
2020-12-12 12:22:02,2020-12-12 12:27:11,1,.62,249,107,9.38
2020-12-12 12:16:08,2020-12-12 12:28:54,1,2.10,237,170,15.96
2020-12-12 13:40:40,2020-12-12 13:45:53,1,1.64,140,229,12.36
2020-12-12 13:10:49,2020-12-12 13:25:00,5,2.73,162,68,19.8
2020-12-12 13:35:36,2020-12-12 13:43:03,1,1.22,236,162,12.36
2020-12-12 14:45:23,2020-12-12 15:08:16,2,3.80,163,211,23.75
2020-12-12 14:11:33,2020-12-12 14:19:34,1,2.06,43,143,14.16
2020-12-12 14:25:16,2020-12-12 14:38:31,1,2.53,238,50,15.8
2020-12-12 14:58:33,2020-12-12 15:07:19,1,1.14,249,79,14.04
2020-12-12 15:27:05,2020-12-12 15:37:32,1,1.42,237,161,13.8
2020-12-12 15:26:23,2020-12-12 15:47:33,1,3.67,141,249,23.16
2020-12-12 15:00:24,2020-12-12 15:15:20,2,2.63,142,262,18.36
2020-12-12 16:48:37,2020-12-12 16:50:32,2,.50,141,263,8.6
2020-12-12 16:13:32,2020-12-12 16:23:58,1,2.05,161,263,14.14
2020-12-12 15:57:22,2020-12-12 16:11:51,1,2.11,107,231,17.16
2020-12-12 17:08:20,2020-12-12 17:32:32,2,8.44,137,160,41.9
2020-12-12 17:01:53,2020-12-12 17:19:56,1,3.27,263,48,17.3
2020-12-12 17:16:15,2020-12-12 17:20:25,1,.92,238,43,7.56
2020-12-12 17:16:58,2020-12-12 17:27:50,1,1.51,116,42,11.16
2020-12-12 18:18:57,2020-12-12 18:32:32,1,2.57,163,236,16.28
2020-12-12 18:19:12,2020-12-12 18:51:46,1,7.54,24,144,34.5
2020-12-12 18:58:02,2020-12-12 19:12:37,5,2.86,151,263,19.89
2020-12-12 19:16:35,2020-12-12 19:29:09,1,2.40,142,263,16.3
2020-12-12 19:33:56,2020-12-12 19:37:33,1,.53,164,164,9.36
2020-12-12 19:46:58,2020-12-12 19:51:49,1,.78,249,158,10.38
2020-12-12 20:09:52,2020-12-12 20:21:51,1,1.27,249,79,16
2020-12-12 19:59:16,2020-12-12 20:13:12,3,2.42,163,107,18.36
2020-12-12 21:32:50,2020-12-12 21:53:28,1,4.73,230,13,22.3
2020-12-12 21:38:27,2020-12-12 21:57:36,1,4.59,164,226,25.56
2020-12-12 22:20:10,2020-12-12 22:27:18,1,1.00,249,234,12.35
2020-12-12 22:06:12,2020-12-12 22:16:55,1,1.20,164,161,12.3
2020-12-12 23:23:41,2020-12-12 23:27:21,3,1.15,234,249,11.62
2020-12-12 23:21:18,2020-12-12 23:32:57,1,1.60,74,41,10.3
2020-12-13 00:08:47,2020-12-13 00:19:39,1,1.99,164,4,15.96
2020-12-13 02:23:22,2020-12-13 02:39:20,1,5.35,263,260,21.3
2020-12-13 07:07:57,2020-12-13 07:12:36,2,1.19,263,140,9.3
2020-12-13 09:44:01,2020-12-13 09:46:17,1,.60,151,238,5.8
2020-12-13 09:00:09,2020-12-13 09:32:24,1,12.67,164,94,40.3
2020-12-13 10:45:34,2020-12-13 10:51:56,1,1.04,143,163,11.76
2020-12-13 11:33:06,2020-12-13 11:41:50,1,1.03,140,141,12.96
2020-12-13 11:50:15,2020-12-13 11:56:54,1,1.57,137,141,13.3
2020-12-13 12:01:37,2020-12-13 12:10:00,1,1.12,239,143,12.96
2020-12-13 12:53:03,2020-12-13 13:07:45,1,2.10,48,249,17.15
2020-12-13 12:17:43,2020-12-13 12:25:25,1,2.20,68,142,14.16
2020-12-13 13:22:03,2020-12-13 13:36:09,1,6.50,48,116,23.8
2020-12-13 13:22:55,2020-12-13 13:29:11,4,.96,142,239,9.3
2020-12-13 13:12:41,2020-12-13 13:18:51,3,1.39,140,233,12.36
2020-12-13 14:45:30,2020-12-13 14:55:33,2,1.16,239,238,11.8
2020-12-13 14:37:24,2020-12-13 14:37:52,1,.90,262,262,5.8
2020-12-13 14:14:16,2020-12-13 14:18:30,1,1.09,162,107,10.56
2020-12-13 15:26:29,2020-12-13 15:59:18,2,7.60,236,13,36.35
2020-12-13 15:19:25,2020-12-13 15:40:38,1,3.93,48,13,23.3
2020-12-13 15:11:35,2020-12-13 15:20:42,1,1.29,151,238,10.8
2020-12-13 15:15:14,2020-12-13 15:27:34,2,2.30,238,42,17.15
2020-12-13 16:32:57,2020-12-13 16:45:35,2,1.00,237,229,13.78
2020-12-13 16:21:12,2020-12-13 16:23:30,2,.55,237,162,7.3
2020-12-13 16:13:30,2020-12-13 16:38:06,1,12.94,138,87,54.92
2020-12-13 17:25:45,2020-12-13 17:37:26,1,2.30,263,238,15.96
2020-12-13 17:08:03,2020-12-13 17:16:20,1,.73,48,186,9.8
2020-12-13 17:21:47,2020-12-13 17:32:03,3,.91,141,237,13.56
2020-12-13 18:01:09,2020-12-13 18:20:56,1,3.28,238,68,22.88
2020-12-13 18:46:15,2020-12-13 19:00:16,1,2.38,239,50,17.88
2020-12-13 18:59:54,2020-12-13 19:04:21,3,.86,143,238,9.96
2020-12-13 19:25:33,2020-12-13 19:27:06,0,.40,48,50,6.8
2020-12-13 19:53:55,2020-12-13 20:01:04,1,.93,237,229,9.3
2020-12-13 20:00:50,2020-12-13 20:11:48,1,3.58,74,244,14.3
2020-12-13 20:07:02,2020-12-13 20:27:46,2,7.70,229,243,34.55
2020-12-13 21:41:49,2020-12-13 21:56:25,1,4.54,68,151,18.8
2020-12-13 22:42:27,2020-12-13 23:01:31,1,5.15,234,236,25.56
2020-12-14 00:19:24,2020-12-14 00:23:37,1,1.00,233,234,9.3
2020-12-14 05:52:47,2020-12-14 06:03:13,1,3.58,263,234,18.8
2020-12-14 06:46:48,2020-12-14 06:54:04,1,1.30,186,50,9.8
2020-12-14 07:33:04,2020-12-14 08:03:53,4,6.07,140,157,31.8
2020-12-14 07:38:09,2020-12-14 07:47:05,5,1.57,48,141,14.12
2020-12-14 08:46:55,2020-12-14 08:51:30,1,.66,170,164,9.96
2020-12-14 08:30:47,2020-12-14 08:34:22,1,.32,237,237,9.12
2020-12-14 08:21:32,2020-12-14 08:26:43,4,.89,107,234,11
2020-12-14 09:00:05,2020-12-14 09:09:41,1,1.37,151,143,13.56
2020-12-14 09:46:02,2020-12-14 09:50:14,1,.58,237,162,9.96
2020-12-14 09:20:06,2020-12-14 09:25:17,5,.86,238,239,10.56
2020-12-14 10:50:34,2020-12-14 10:59:53,1,1.33,236,163,11.3
2020-12-14 10:10:34,2020-12-14 10:22:44,4,1.60,68,107,12.3
2020-12-14 10:49:24,2020-12-14 10:59:32,1,1.60,162,107,14.16
2020-12-14 11:02:43,2020-12-14 11:13:03,1,1.30,237,142,14.15
2020-12-14 11:09:20,2020-12-14 11:19:31,2,1.67,249,68,12.3
2020-12-14 11:51:58,2020-12-14 12:01:25,1,1.70,141,142,11.8
2020-12-14 12:59:48,2020-12-14 13:15:39,2,2.00,43,229,17.76
2020-12-14 12:46:31,2020-12-14 13:02:48,1,1.64,233,224,17.16
2020-12-14 12:41:30,2020-12-14 12:44:37,1,.40,263,236,7.3
2020-12-14 12:55:20,2020-12-14 13:01:30,2,.90,162,229,9.3
2020-12-14 13:58:18,2020-12-14 14:05:58,1,1.20,237,236,12.36
2020-12-14 13:51:06,2020-12-14 14:00:58,1,.98,237,140,12.42
2020-12-14 13:37:34,2020-12-14 13:40:06,3,.40,236,236,6.8
2020-12-14 13:51:18,2020-12-14 14:02:34,1,1.08,264,229,-11.8
2020-12-14 14:02:29,2020-12-14 14:09:25,1,.94,162,140,12.25
2020-12-14 14:51:24,2020-12-14 15:11:12,1,1.70,263,237,19.55
2020-12-14 14:17:48,2020-12-14 14:29:27,1,1.80,140,236,15.38
2020-12-14 14:24:41,2020-12-14 14:30:42,1,.81,141,229,10.56
2020-12-14 15:09:11,2020-12-14 15:15:41,1,.88,166,151,8.16
2020-12-14 15:04:31,2020-12-14 15:43:37,2,12.40,132,265,61.3
2020-12-14 15:02:12,2020-12-14 15:22:43,1,2.20,237,75,19.9
2020-12-14 16:04:49,2020-12-14 16:18:10,1,1.85,162,236,14.8
2020-12-14 16:34:04,2020-12-14 16:44:16,1,1.40,230,68,15.38
2020-12-14 16:54:37,2020-12-14 16:56:55,1,.39,142,142,7.8
2020-12-14 16:43:17,2020-12-14 16:50:54,1,1.44,211,79,14.75
2020-12-14 17:06:58,2020-12-14 17:11:25,1,.40,141,237,9.8
2020-12-14 17:19:37,2020-12-14 17:27:31,1,2.11,162,79,14.72
2020-12-14 17:29:17,2020-12-14 17:33:59,1,.85,161,164,11.6
2020-12-14 18:33:30,2020-12-14 18:40:48,1,1.30,234,170,13.56
2020-12-14 17:55:29,2020-12-14 18:07:56,1,1.40,236,141,17.16
2020-12-14 18:38:02,2020-12-14 18:56:34,1,3.21,100,148,18.8
2020-12-14 19:12:29,2020-12-14 19:15:17,1,.54,48,50,9.96
2020-12-14 19:48:10,2020-12-14 19:50:18,1,.50,237,236,-7.8
2020-12-14 20:34:38,2020-12-14 20:48:22,1,3.96,162,112,22.25
2020-12-14 20:27:08,2020-12-14 20:29:11,1,.45,50,48,9.49
2020-12-14 21:03:02,2020-12-14 21:06:45,1,1.20,186,48,11.15
2020-12-14 22:42:21,2020-12-14 22:47:24,1,.90,75,74,8.15
2020-12-15 01:08:25,2020-12-15 01:23:18,1,9.39,138,244,33.92
2020-12-15 06:33:33,2020-12-15 06:46:29,1,3.11,263,50,16.3
2020-12-15 07:06:08,2020-12-15 07:09:50,1,.50,170,137,10.1
2020-12-15 07:35:45,2020-12-15 07:40:30,1,.61,186,164,8.3
2020-12-15 08:25:16,2020-12-15 08:29:34,3,.70,90,68,9.96
2020-12-15 08:17:11,2020-12-15 08:31:57,1,5.40,170,88,21.8
2020-12-15 08:51:31,2020-12-15 09:03:28,1,1.96,234,211,14.3
2020-12-15 09:38:03,2020-12-15 09:49:23,1,1.52,43,237,14.76
2020-12-15 09:56:03,2020-12-15 10:01:09,1,.88,234,161,9.8
2020-12-15 09:52:55,2020-12-15 09:59:55,1,1.99,230,246,13.56
2020-12-15 10:06:35,2020-12-15 10:15:36,1,1.70,237,107,13.8
2020-12-15 10:48:07,2020-12-15 11:10:45,1,3.07,137,236,23.79
2020-12-15 10:22:35,2020-12-15 10:34:07,1,1.83,170,229,15.36
2020-12-15 10:23:41,2020-12-15 10:32:09,1,1.02,161,164,12.36
2020-12-15 11:51:56,2020-12-15 11:56:45,2,.60,231,231,9.3
2020-12-15 11:13:29,2020-12-15 11:27:24,1,1.21,50,142,14.3
2020-12-15 11:22:19,2020-12-15 11:37:11,1,1.24,186,161,16.62
2020-12-15 11:26:46,2020-12-15 11:36:13,1,1.69,237,48,12.8
2020-12-15 12:47:52,2020-12-15 13:04:34,1,1.80,164,163,15.8
2020-12-15 12:35:47,2020-12-15 12:45:11,1,2.06,79,233,14.76
2020-12-15 12:36:48,2020-12-15 12:48:40,1,1.97,161,141,15.3
2020-12-15 12:29:12,2020-12-15 12:58:33,1,3.40,236,170,22.3
2020-12-15 13:44:40,2020-12-15 14:09:40,1,3.50,68,261,24.36
2020-12-15 13:45:25,2020-12-15 13:54:56,1,1.43,236,239,14.75
2020-12-15 13:40:31,2020-12-15 13:56:47,1,2.50,113,13,17.8
2020-12-15 13:37:58,2020-12-15 14:00:45,1,2.24,162,224,23.79
2020-12-15 14:40:34,2020-12-15 15:02:22,1,4.20,140,68,25.55
2020-12-15 14:30:47,2020-12-15 14:39:27,6,.98,234,249,12.36
2020-12-15 14:21:48,2020-12-15 14:28:50,1,1.10,144,4,11.8
2020-12-15 14:55:38,2020-12-15 15:03:41,1,1.68,137,141,12.96
2020-12-15 14:00:48,2020-12-15 14:10:27,1,1.60,100,163,11.8
2020-12-15 15:36:03,2020-12-15 15:42:17,1,.65,264,264,10.56
2020-12-15 15:39:57,2020-12-15 16:00:49,1,2.00,161,141,17.3
2020-12-15 15:35:11,2020-12-15 15:43:21,1,.90,100,162,12.35
2020-12-15 15:08:21,2020-12-15 15:19:24,1,1.80,264,264,14.76
2020-12-15 16:34:13,2020-12-15 17:04:02,1,2.61,107,50,26.22
2020-12-15 16:06:02,2020-12-15 17:03:49,1,13.16,132,89,68.3
2020-12-15 16:24:59,2020-12-15 17:32:02,1,14.89,170,132,69.92
2020-12-15 16:51:49,2020-12-15 17:02:33,1,1.66,237,75,15.96
2020-12-15 16:40:00,2020-12-15 16:58:33,1,1.49,236,237,20.16
2020-12-15 17:45:45,2020-12-15 17:56:18,1,1.84,230,90,13.3
2020-12-15 17:31:36,2020-12-15 17:42:34,5,2.04,142,43,16.56
2020-12-15 17:19:20,2020-12-15 17:42:45,1,2.12,141,107,24.36
2020-12-15 17:12:12,2020-12-15 17:22:42,1,1.53,238,142,16
2020-12-15 18:46:15,2020-12-15 19:05:06,1,3.50,143,107,20.3
2020-12-15 18:11:51,2020-12-15 18:24:16,1,1.73,230,142,17.16
2020-12-15 18:18:08,2020-12-15 18:24:54,1,1.25,75,236,12.96
2020-12-15 18:26:17,2020-12-15 18:29:01,2,.49,164,170,9.96
2020-12-15 18:41:05,2020-12-15 18:49:12,1,1.71,164,113,12.3
2020-12-15 19:05:42,2020-12-15 19:09:10,1,.50,230,186,11.4
2020-12-15 19:53:39,2020-12-15 19:59:56,1,1.66,142,151,12.3
2020-12-15 19:53:55,2020-12-15 20:04:19,0,2.30,230,239,14.3
2020-12-15 20:37:37,2020-12-15 20:40:17,1,.69,239,238,9.3
2020-12-15 20:03:23,2020-12-15 20:05:59,1,.64,249,234,9.36
2020-12-15 21:02:09,2020-12-15 21:08:56,1,1.35,75,74,8.3
2020-12-15 22:47:38,2020-12-15 23:00:41,1,4.89,138,146,16.8
2020-12-15 23:49:33,2020-12-15 23:57:49,1,4.60,107,75,21.36
2020-12-16 03:52:19,2020-12-16 04:02:15,1,1.90,142,140,16.6
2020-12-16 06:34:13,2020-12-16 06:51:57,2,4.40,186,43,23.15
2020-12-16 07:00:45,2020-12-16 07:02:20,1,.50,107,137,6.8
2020-12-16 07:14:55,2020-12-16 07:26:46,1,5.03,209,161,23.76
2020-12-16 08:50:48,2020-12-16 08:53:52,1,.60,142,239,9.35
2020-12-16 08:08:35,2020-12-16 08:21:26,1,2.03,75,237,13.8
2020-12-16 08:33:16,2020-12-16 08:43:38,1,1.59,231,232,11.8
2020-12-16 08:34:33,2020-12-16 08:55:43,2,3.48,161,151,23.76
2020-12-16 09:21:19,2020-12-16 09:33:05,1,3.04,263,233,16.8
2020-12-16 09:20:05,2020-12-16 09:34:50,1,2.20,264,234,14.8
2020-12-16 08:56:00,2020-12-16 09:02:46,2,.98,262,236,12.25
2020-12-16 10:03:05,2020-12-16 10:37:19,2,4.60,143,74,26.3
2020-12-16 10:50:13,2020-12-16 11:02:58,1,2.64,263,142,17.88
2020-12-16 10:40:36,2020-12-16 10:45:45,2,.63,68,234,9.55
2020-12-16 06:55:19,2020-12-16 07:03:15,1,1.20,186,68,11.3
2020-12-16 11:59:47,2020-12-16 12:05:41,1,.65,113,158,11
2020-12-16 11:51:55,2020-12-16 11:54:50,1,.53,48,48,8.76
2020-12-16 11:59:52,2020-12-16 12:06:38,1,1.10,107,170,9.8
2020-12-16 11:09:21,2020-12-16 11:16:47,1,1.34,170,68,12.3
2020-12-16 12:08:12,2020-12-16 12:11:36,3,.76,239,238,7.8
2020-12-16 12:49:12,2020-12-16 12:53:13,1,.70,166,151,5.8
2020-12-16 12:17:03,2020-12-16 12:24:18,1,.89,161,237,10.3
2020-12-16 12:15:12,2020-12-16 12:20:40,1,.80,264,264,10.55
2020-12-16 13:56:40,2020-12-16 14:04:51,2,1.40,161,90,12.96
2020-12-16 13:01:21,2020-12-16 13:06:36,1,.95,152,41,6.3
2020-12-16 13:14:36,2020-12-16 13:32:25,2,2.77,236,170,16.8
2020-12-16 13:49:31,2020-12-16 13:57:58,2,1.20,164,137,10.3
2020-12-16 13:49:44,2020-12-16 13:53:16,5,.57,113,68,9.36
2020-12-16 14:39:30,2020-12-16 14:48:12,2,1.24,237,263,13.5
2020-12-16 14:45:44,2020-12-16 14:55:20,1,1.00,237,161,11.3
2020-12-16 14:33:31,2020-12-16 14:43:37,4,1.28,107,90,11.3
2020-12-16 14:19:26,2020-12-16 14:32:27,1,2.20,237,239,17.16
2020-12-16 15:45:19,2020-12-16 15:53:24,5,2.21,249,230,15.34
2020-12-16 15:33:50,2020-12-16 15:48:27,1,2.83,170,236,18.3
2020-12-16 15:44:05,2020-12-16 15:53:00,3,.90,141,233,10.8
2020-12-16 15:28:17,2020-12-16 15:36:28,6,2.59,140,233,14.8
2020-12-16 16:43:53,2020-12-16 16:56:52,1,1.90,141,143,17.88
2020-12-16 16:35:03,2020-12-16 16:40:55,1,1.53,170,237,13.5
2020-12-16 16:14:36,2020-12-16 16:17:55,2,.67,161,186,10.56
2020-12-16 16:22:48,2020-12-16 16:29:04,1,.81,116,152,7.8
2020-12-16 17:53:24,2020-12-16 17:59:30,1,.83,90,234,9.8
2020-12-16 17:28:45,2020-12-16 17:37:23,1,1.40,236,237,13.57
2020-12-16 17:46:52,2020-12-16 17:59:45,0,1.60,162,162,17.9
2020-12-16 18:02:54,2020-12-16 18:12:56,2,1.80,151,74,11.8
2020-12-16 18:14:08,2020-12-16 18:19:43,1,.71,237,140,11.16
2020-12-16 19:57:52,2020-12-16 20:43:02,1,10.39,186,89,44.92
2020-12-16 20:12:10,2020-12-16 20:16:59,1,.90,164,48,9.3
2020-12-17 01:07:51,2020-12-17 01:27:44,1,4.10,48,4,24.3
2020-12-17 08:21:22,2020-12-17 08:33:25,1,2.28,48,249,15.36
2020-12-17 09:26:18,2020-12-17 09:34:39,1,.92,234,246,10.8
2020-12-17 10:13:06,2020-12-17 10:31:10,1,3.26,151,161,19.32
2020-12-17 11:02:26,2020-12-17 11:09:23,1,1.78,137,148,12.96
2020-12-17 12:55:31,2020-12-17 13:00:14,1,.80,237,237,9.95
2020-12-17 13:21:45,2020-12-17 13:27:29,1,1.10,236,75,11.16
2020-12-17 13:26:48,2020-12-17 13:30:13,3,.42,211,144,8.4
2020-12-17 14:27:52,2020-12-17 14:31:16,8,.70,107,137,9.55
2020-12-17 15:00:00,2020-12-17 15:19:50,1,6.48,161,116,24.8
2020-12-17 15:02:34,2020-12-17 15:06:53,1,.66,238,239,9.75
2020-12-17 15:15:18,2020-12-17 15:25:31,1,1.40,137,234,12.8
2020-12-17 15:57:17,2020-12-17 16:22:27,1,3.68,230,4,19.3
2020-12-17 16:32:16,2020-12-17 16:45:27,0,1.20,137,186,13.8
2020-12-17 16:20:17,2020-12-17 16:28:01,2,1.35,43,161,13
2020-12-17 17:49:09,2020-12-17 17:57:05,1,2.23,137,141,15.36
2020-12-17 17:38:35,2020-12-17 18:14:41,1,21.14,132,244,75.42
2020-12-17 17:29:44,2020-12-17 17:38:55,1,3.05,50,151,14.8
2020-12-17 18:15:33,2020-12-17 18:32:48,1,3.70,141,246,21.95
2020-12-17 18:50:17,2020-12-17 18:55:41,1,.60,170,233,11.75
2020-12-17 19:56:13,2020-12-17 20:06:48,2,2.58,162,113,14.3
2020-12-17 19:09:04,2020-12-17 19:16:50,0,1.50,234,246,13.57
2020-12-17 19:56:13,2020-12-17 20:00:04,1,.71,239,239,9.96
2020-12-17 21:52:36,2020-12-17 22:24:00,2,20.46,132,265,76.8
2020-12-17 22:35:49,2020-12-17 22:46:28,1,3.74,137,75,15.8
2020-12-18 02:53:36,2020-12-18 03:02:12,1,1.70,41,238,11.8
2020-12-18 06:36:53,2020-12-18 06:43:42,1,2.17,79,229,13.56
2020-12-18 07:14:22,2020-12-18 07:18:53,1,.90,107,224,9.95
2020-12-18 07:50:19,2020-12-18 08:02:03,1,2.10,151,236,15.95
2020-12-18 08:57:36,2020-12-18 09:10:00,1,1.20,230,164,12.3
2020-12-18 08:43:21,2020-12-18 08:57:39,1,1.60,90,230,17.25
2020-12-18 08:06:25,2020-12-18 08:15:07,4,1.07,170,107,12.36
2020-12-18 09:49:52,2020-12-18 09:55:41,1,.94,236,141,10.56
2020-12-18 09:56:22,2020-12-18 10:10:09,1,1.20,68,230,12.8
2020-12-18 09:51:45,2020-12-18 10:20:26,1,4.90,79,239,30.9
2020-12-18 10:24:21,2020-12-18 10:44:39,1,2.20,236,24,17.3
2020-12-18 10:25:44,2020-12-18 10:40:35,1,2.20,231,234,18.5
2020-12-18 10:50:08,2020-12-18 11:16:03,1,3.32,107,263,23.76
2020-12-18 11:12:10,2020-12-18 11:29:24,4,1.94,141,161,19.75
2020-12-18 11:35:01,2020-12-18 11:46:24,2,1.18,107,170,14.16
2020-12-18 11:01:20,2020-12-18 11:16:12,1,1.35,140,236,17.29
2020-12-18 12:35:46,2020-12-18 12:52:00,5,1.87,236,238,18.36
2020-12-18 12:40:24,2020-12-18 13:06:32,1,3.92,125,237,25.56
2020-12-18 12:50:01,2020-12-18 13:18:30,1,4.10,140,246,22.8
2020-12-18 12:01:27,2020-12-18 12:16:03,1,1.96,237,239,16.56
2020-12-18 13:45:11,2020-12-18 14:08:25,1,2.30,151,74,16.3
2020-12-18 13:53:30,2020-12-18 14:19:26,5,3.52,151,237,27.04
2020-12-18 13:26:56,2020-12-18 13:47:22,1,2.65,170,143,21.62
2020-12-18 13:12:25,2020-12-18 13:23:31,1,1.89,229,264,14.76
2020-12-18 14:32:17,2020-12-18 14:52:35,2,2.30,262,74,20.15
2020-12-18 14:20:53,2020-12-18 14:26:41,4,.68,90,68,8.8
2020-12-18 14:15:30,2020-12-18 14:49:34,1,4.80,75,113,32.25
2020-12-18 14:50:29,2020-12-18 15:05:27,1,2.77,239,152,15.8
2020-12-18 15:10:03,2020-12-18 15:41:34,2,4.00,137,239,28.56
2020-12-18 15:42:56,2020-12-18 15:54:02,1,1.14,230,237,12.8
2020-12-18 15:05:06,2020-12-18 15:12:42,1,1.10,234,170,13.3
2020-12-18 15:48:14,2020-12-18 15:53:00,1,.70,50,48,10.35
2020-12-18 15:45:27,2020-12-18 16:21:15,1,6.62,164,223,28.8
2020-12-18 16:23:06,2020-12-18 16:42:46,1,2.82,68,125,19.3
2020-12-18 16:28:45,2020-12-18 16:57:50,1,3.81,137,239,25.63
2020-12-18 16:53:08,2020-12-18 16:59:52,1,1.16,142,237,11.8
2020-12-18 15:55:51,2020-12-18 16:19:50,3,3.91,161,231,25.56
2020-12-18 16:12:26,2020-12-18 16:20:53,1,1.40,107,233,11.8
2020-12-18 17:26:12,2020-12-18 17:46:57,1,3.89,162,239,20.8
2020-12-18 17:39:38,2020-12-18 17:44:50,1,.62,141,237,11.16
2020-12-18 17:45:48,2020-12-18 17:57:42,1,2.00,234,231,16.55
2020-12-18 17:47:44,2020-12-18 17:51:43,1,.74,43,142,10.8
2020-12-18 18:14:33,2020-12-18 18:18:32,2,.55,163,161,8.8
2020-12-18 18:32:05,2020-12-18 18:45:02,1,2.04,234,48,17.76
2020-12-18 18:00:12,2020-12-18 18:19:20,1,3.80,68,236,19.3
2020-12-18 18:21:06,2020-12-18 18:33:04,1,1.49,163,140,15.96
2020-12-18 18:21:42,2020-12-18 18:31:29,1,1.99,164,144,14.72
2020-12-18 19:55:42,2020-12-18 20:00:39,3,1.40,237,236,12.96
2020-12-18 19:51:49,2020-12-18 19:58:34,1,1.51,137,229,11.3
2020-12-18 19:37:44,2020-12-18 19:57:34,1,5.36,264,264,27.96
2020-12-18 20:10:00,2020-12-18 20:16:45,2,.91,142,50,11.76
2020-12-18 20:00:38,2020-12-18 20:09:57,1,1.68,249,234,14.16
2020-12-18 21:19:17,2020-12-18 21:22:03,1,1.07,75,236,8.8
2020-12-18 22:21:10,2020-12-18 22:26:08,2,.80,237,141,10.3
2020-12-18 22:56:37,2020-12-18 23:01:17,1,1.48,262,75,10.3
2020-12-18 23:54:51,2020-12-19 00:20:46,2,18.28,132,100,61.42
2020-12-19 01:12:08,2020-12-19 01:23:24,1,3.50,141,226,16.8
2020-12-19 06:31:05,2020-12-19 06:35:59,1,1.20,262,75,11.6
2020-12-19 08:51:32,2020-12-19 11:38:49,1,3.70,148,230,18.8
2020-12-19 09:56:37,2020-12-19 10:03:54,2,2.09,249,161,14.16
2020-12-19 09:14:33,2020-12-19 09:17:31,1,.60,114,114,7.8
2020-12-19 10:10:19,2020-12-19 10:18:22,1,1.76,236,239,13.56
2020-12-19 10:47:04,2020-12-19 11:00:13,2,2.22,100,229,16.56
2020-12-19 11:10:03,2020-12-19 11:17:05,0,1.90,162,236,12.43
2020-12-19 11:26:26,2020-12-19 11:30:42,5,.58,236,263,10.14
2020-12-19 11:06:18,2020-12-19 11:41:47,2,9.80,162,62,41.3
2020-12-19 12:26:09,2020-12-19 12:41:25,3,3.15,238,68,18.96
2020-12-19 12:34:19,2020-12-19 12:46:36,2,.94,249,114,15.34
2020-12-19 12:13:56,2020-12-19 12:27:02,1,2.78,239,166,15.8
2020-12-19 13:33:58,2020-12-19 13:45:46,2,1.83,142,246,12.8
2020-12-19 13:37:09,2020-12-19 13:46:45,1,2.00,229,234,12.3
2020-12-19 13:48:52,2020-12-19 14:09:53,1,3.85,164,4,20.8
2020-12-19 13:45:59,2020-12-19 13:47:51,1,.30,42,41,4.3
2020-12-19 14:32:41,2020-12-19 14:35:09,1,.51,263,263,9.49
2020-12-19 14:04:39,2020-12-19 14:13:51,1,1.01,148,211,12.96
2020-12-19 14:05:07,2020-12-19 14:08:37,1,.46,100,100,7.3
2020-12-19 15:57:28,2020-12-19 16:03:41,1,1.20,162,170,11.15
2020-12-19 15:44:29,2020-12-19 15:49:41,1,.90,236,237,11
2020-12-19 15:52:09,2020-12-19 15:55:58,2,.91,263,75,8.3
2020-12-19 15:39:20,2020-12-19 16:02:50,1,5.74,263,68,29.16
2020-12-19 16:02:59,2020-12-19 16:15:49,1,2.20,239,141,16.55
2020-12-19 16:30:12,2020-12-19 16:50:19,1,5.32,48,13,27.36
2020-12-19 16:29:07,2020-12-19 16:32:03,5,.62,237,236,8.76
2020-12-19 16:05:33,2020-12-19 16:51:18,1,19.06,229,1,105.06
2020-12-19 17:38:47,2020-12-19 17:42:46,1,.50,137,170,9.95
2020-12-19 17:34:21,2020-12-19 17:38:53,1,1.31,140,263,11.16
2020-12-19 17:30:19,2020-12-19 17:58:33,2,2.36,79,148,30.8
2020-12-19 18:09:49,2020-12-19 18:19:52,2,1.42,238,41,11.3
2020-12-19 18:21:57,2020-12-19 18:45:35,1,5.15,140,223,27.96
2020-12-19 18:09:52,2020-12-19 18:16:31,1,1.15,45,88,8.8
2020-12-19 19:12:58,2020-12-19 20:10:08,1,17.35,132,129,58.3
2020-12-19 19:19:37,2020-12-19 19:47:28,1,4.60,186,146,23.3
2020-12-19 20:42:25,2020-12-19 20:49:49,2,1.72,164,90,13
2020-12-19 20:47:53,2020-12-19 20:51:11,1,.80,249,68,10.12
2020-12-19 21:48:00,2020-12-19 21:57:06,1,1.93,164,113,12.3
2020-12-19 22:35:12,2020-12-19 22:38:07,1,.85,237,236,9.96
2020-12-19 22:44:03,2020-12-19 23:03:26,1,4.92,48,7,24.3
2020-12-20 00:53:43,2020-12-20 00:56:27,1,.50,249,158,9.35
2020-12-20 02:19:51,2020-12-20 02:25:08,5,1.11,114,113,9.8
2020-12-20 07:34:53,2020-12-20 07:39:36,1,.77,161,48,8.8
2020-12-20 09:03:09,2020-12-20 09:04:48,1,.00,50,50,6.3
2020-12-20 09:42:46,2020-12-20 09:47:05,1,.80,90,164,8.3
2020-12-20 10:52:09,2020-12-20 10:57:14,1,.70,237,140,8.3
2020-12-20 11:02:40,2020-12-20 11:08:28,1,.84,170,164,10.23
2020-12-20 11:57:17,2020-12-20 12:07:50,0,2.00,162,143,12.8
2020-12-20 12:16:09,2020-12-20 12:22:15,2,1.25,79,234,9.3
2020-12-20 12:41:35,2020-12-20 12:50:36,1,1.12,231,211,12.96
2020-12-20 12:13:02,2020-12-20 12:22:04,1,1.48,141,161,11.3
2020-12-20 13:50:52,2020-12-20 13:56:00,1,.68,236,236,10.3
2020-12-20 13:08:07,2020-12-20 13:15:48,1,1.40,151,142,12.35
2020-12-20 14:22:49,2020-12-20 14:24:54,2,.42,246,68,8.5
2020-12-20 14:51:25,2020-12-20 15:01:35,2,2.83,74,140,15.18
2020-12-20 14:30:25,2020-12-20 14:31:44,1,.15,239,239,8.19
2020-12-20 15:13:57,2020-12-20 15:18:11,1,1.50,166,116,7.3
2020-12-20 15:53:21,2020-12-20 15:59:03,0,.50,161,161,8.8
2020-12-20 15:21:31,2020-12-20 15:38:42,1,6.90,239,243,29.76
2020-12-20 16:49:11,2020-12-20 17:09:23,1,3.85,236,145,20.8
2020-12-20 16:41:39,2020-12-20 16:48:51,1,1.17,161,234,13.39
2020-12-20 17:25:33,2020-12-20 17:31:24,1,.87,236,237,11.16
2020-12-20 17:20:19,2020-12-20 17:57:47,2,10.90,132,37,42.35
2020-12-20 17:04:31,2020-12-20 17:13:10,1,1.98,229,75,14.16
2020-12-20 18:24:50,2020-12-20 18:29:43,2,.80,164,90,10.55
2020-12-20 19:04:37,2020-12-20 19:13:58,1,2.30,231,158,14.8
2020-12-20 19:44:37,2020-12-20 20:00:20,1,1.86,166,75,11.3
2020-12-20 20:22:50,2020-12-20 20:43:36,2,4.20,237,234,23.3
2020-12-20 21:30:38,2020-12-20 21:42:33,1,3.00,158,233,16.3
2020-12-20 22:22:42,2020-12-20 22:42:05,1,10.13,132,196,30.3
2020-12-21 01:14:48,2020-12-21 01:24:38,1,2.30,137,230,13.8
2020-12-21 06:39:24,2020-12-21 06:50:15,1,2.90,164,231,14.8
2020-12-21 07:43:10,2020-12-21 07:53:05,4,2.51,186,237,14.3
2020-12-21 07:12:48,2020-12-21 07:21:20,1,1.30,161,68,11.3
2020-12-21 08:10:29,2020-12-21 08:28:02,1,2.10,233,113,15.8
2020-12-21 08:29:24,2020-12-21 08:43:53,1,3.20,238,162,20.5
2020-12-21 09:02:46,2020-12-21 09:10:41,1,1.28,141,262,13.39
2020-12-21 09:41:19,2020-12-21 10:00:45,1,2.41,163,170,20.16
2020-12-21 09:52:25,2020-12-21 09:59:29,0,1.00,170,161,12.7
2020-12-21 10:44:12,2020-12-21 11:11:21,1,3.57,186,236,26.16
2020-12-21 10:36:34,2020-12-22 10:05:42,1,1.13,238,166,8.8
2020-12-21 09:58:23,2020-12-22 09:26:25,5,3.35,211,170,21.8
2020-12-21 11:49:44,2020-12-21 11:54:39,4,.72,170,161,12.3
2020-12-21 11:50:26,2020-12-21 11:59:21,3,1.19,233,164,12.96
2020-12-21 11:55:27,2020-12-21 12:13:31,1,2.89,170,236,20.16
2020-12-21 12:34:07,2020-12-21 12:34:31,0,.00,41,41,3.3
2020-12-21 12:43:35,2020-12-21 12:48:36,2,1.07,68,48,11.62
2020-12-21 12:29:00,2020-12-21 12:41:32,3,1.20,163,140,15.36
2020-12-21 12:30:55,2020-12-21 12:33:35,1,.40,143,239,7.3
2020-12-21 13:44:10,2020-12-21 13:52:52,1,1.01,141,236,12.36
2020-12-21 13:38:04,2020-12-21 13:41:52,1,.70,238,239,9.35
2020-12-21 13:41:01,2020-12-21 13:47:52,3,1.25,234,162,13.39
2020-12-21 14:12:03,2020-12-21 14:25:31,1,1.60,161,68,16.6
2020-12-21 14:37:14,2020-12-21 14:43:15,1,1.16,43,239,11.76
2020-12-21 14:05:39,2020-12-21 14:20:56,2,1.50,233,68,13.8
2020-12-21 14:24:05,2020-12-21 14:36:56,1,1.04,137,164,14.3
2020-12-21 15:33:03,2020-12-21 15:43:08,1,1.30,161,234,13.56
2020-12-21 15:45:40,2020-12-21 16:03:32,1,2.28,186,237,17.8
2020-12-21 15:43:19,2020-12-21 15:46:12,1,.40,237,141,7.3
2020-12-21 15:22:55,2020-12-21 15:45:39,1,1.23,141,162,18.3
2020-12-21 16:59:08,2020-12-21 17:07:00,0,.90,238,142,11.3
2020-12-21 16:59:19,2020-12-21 17:06:15,1,1.11,163,236,13.5
2020-12-21 16:01:59,2020-12-21 16:07:06,1,.80,142,143,10.8
2020-12-21 16:45:24,2020-12-21 17:00:10,1,1.90,161,143,19.1
2020-12-21 17:44:45,2020-12-21 18:02:40,1,2.06,50,238,16.8
2020-12-21 17:41:20,2020-12-21 17:58:16,1,1.20,114,148,19.75
2020-12-21 17:39:47,2020-12-21 18:04:18,1,2.90,239,68,24.96
2020-12-21 17:14:01,2020-12-21 17:29:15,2,1.49,164,50,15.3
2020-12-21 18:43:22,2020-12-21 19:23:43,1,9.50,75,256,40.3
2020-12-21 18:09:48,2020-12-21 18:15:48,1,1.08,100,90,12.36
2020-12-21 18:35:26,2020-12-21 18:43:02,1,1.56,161,143,14.16
2020-12-21 19:39:43,2020-12-21 20:14:22,1,20.34,132,107,77.74
2020-12-21 19:28:33,2020-12-21 19:55:20,1,10.27,186,127,43.56
2020-12-21 19:40:50,2020-12-21 20:00:13,1,10.77,132,56,32.8
2020-12-21 20:46:15,2020-12-21 20:51:25,1,1.13,140,263,11.16
2020-12-21 21:56:44,2020-12-21 22:04:39,1,1.50,238,237,11.8
2020-12-21 22:34:22,2020-12-21 22:39:47,2,.80,161,161,11.15
2020-12-21 23:53:46,2020-12-22 00:06:12,1,5.93,137,25,26.16
2020-12-22 05:27:08,2020-12-22 05:27:37,0,.00,48,48,6.3
2020-12-22 06:30:42,2020-12-22 06:30:44,2,.00,132,264,74.76
2020-12-22 07:40:00,2020-12-22 07:47:33,1,1.70,141,161,13.55
2020-12-22 08:54:12,2020-12-22 09:21:25,1,5.06,107,151,28.56
2020-12-22 08:38:31,2020-12-22 08:43:25,1,1.23,75,74,6.8
2020-12-22 08:11:24,2020-12-22 08:20:33,1,1.70,229,263,13.55
2020-12-22 09:26:09,2020-12-22 09:45:28,1,2.87,140,164,20.76
2020-12-22 09:53:15,2020-12-22 10:00:09,0,1.10,162,170,12.36
2020-12-22 09:38:47,2020-12-22 09:49:18,1,1.04,229,170,13.56
2020-12-22 10:38:17,2020-12-22 10:55:34,1,2.85,48,231,18.3
2020-12-22 10:21:52,2020-12-22 10:29:08,1,1.10,233,237,14.8
2020-12-22 10:01:19,2020-12-22 10:06:35,1,.95,237,142,11.16
2020-12-22 11:07:22,2020-12-22 11:36:53,3,9.85,140,31,40.56
2020-12-22 10:58:56,2020-12-22 11:08:08,1,.86,237,141,12.36
2020-12-22 11:03:09,2020-12-22 11:16:22,5,1.42,13,211,13.8
